{
	"info": {
		"_postman_id": "137a6c38-ba88-402e-a493-b93eb854c060",
		"name": "Fornecedor StockFlow",
		"schema": "https://schema.getpostman.com/json/collection/v2.1.0/collection.json",
		"_exporter_id": "42479005"
	},
	"item": [
		{
			"name": "Post Fornecedor",
			"request": {
				"method": "POST",
				"header": [],
				"body": {
					"mode": "raw",
					"raw": "{\r\n    \"nome\":\"Braspress Ltda\",\r\n    \"cpf_cnpj\":\"4874035100032\",\r\n    \"telefone\":\"99205-5342\",\r\n    \"email\":\"teste@gmail.com\",\r\n    \"observacao\":\"Principal empresa fornecedora de fretes do grupo.\"\r\n}",
					"options": {
						"raw": {
							"language": "json"
						}
					}
				},
				"url": {
					"raw": "http://localhost:8080/api/fornecedor/",
					"protocol": "http",
					"host": [
						"localhost"
					],
					"port": "8080",
					"path": [
						"api",
						"fornecedor",
						""
					]
				}
			},
			"response": []
		},
		{
			"name": "Get Fornecedor",
			"request": {
				"method": "GET",
				"header": [],
				"url": {
					"raw": "http://localhost:8080/api/fornecedor/",
					"protocol": "http",
					"host": [
						"localhost"
					],
					"port": "8080",
					"path": [
						"api",
						"fornecedor",
						""
					]
				}
			},
			"response": []
		},
		{
			"name": "Put Fornecedor",
			"request": {
				"method": "PUT",
				"header": [],
				"body": {
					"mode": "raw",
					"raw": "{\r\n    \"id\":1,\r\n    \"nome\":\"Sedex Ltda\",\r\n    \"cpf_cnpj\":\"487403510042\",\r\n    \"telefone\":\"99205-5342\",\r\n    \"email\":\"teste2222@gmail.com\",\r\n    \"observacao\":\"Principal empresa fornecedora de fretes do grupo.\"\r\n}",
					"options": {
						"raw": {
							"language": "json"
						}
					}
				},
				"url": {
					"raw": "http://localhost:8080/api/fornecedor/",
					"protocol": "http",
					"host": [
						"localhost"
					],
					"port": "8080",
					"path": [
						"api",
						"fornecedor",
						""
					]
				}
			},
			"response": []
		},
		{
			"name": "Delete Fornecedor",
			"request": {
				"method": "DELETE",
				"header": [],
				"url": {
					"raw": "http://localhost:8080/api/fornecedor/2",
					"protocol": "http",
					"host": [
						"localhost"
					],
					"port": "8080",
					"path": [
						"api",
						"fornecedor",
						"2"
					]
				}
			},
			"response": []
		}
	]
}