{
	"info": {
		"_postman_id": "6574f55d-f56c-496b-8544-eba2e34c7cab",
		"name": "Produto StockFlow",
		"schema": "https://schema.getpostman.com/json/collection/v2.1.0/collection.json",
		"_exporter_id": "42479005"
	},
	"item": [
		{
			"name": "ProdutoPost",
			"request": {
				"method": "POST",
				"header": [],
				"body": {
					"mode": "raw",
					"raw": "{\r\n  \"foto\": \"https://meusite.com/imagens/produto01.png\",\r\n  \"codigoDeBarras\": \"7891234567890\",\r\n  \"nome\": \"Mouse Gamer RGB\",\r\n  \"descricao\": \"Mouse com 6 botões, DPI ajustável e iluminação RGB.\",\r\n  \"custoCompra\": 50.00,\r\n  \"precoUnitario\": 70.00,\r\n  \"precoUnitarioVenda\": 99.90,\r\n  \"estoqueAtual\": 20,\r\n  \"categoria\": {\r\n    \"id\": 2\r\n  },\r\n  \"fornecedor\": {\r\n    \"id\": 1\r\n  }\r\n}\r\n",
					"options": {
						"raw": {
							"language": "json"
						}
					}
				},
				"url": {
					"raw": "http://localhost:8080/api/produto/",
					"protocol": "http",
					"host": [
						"localhost"
					],
					"port": "8080",
					"path": [
						"api",
						"produto",
						""
					]
				}
			},
			"response": []
		},
		{
			"name": "ProdutoGet",
			"protocolProfileBehavior": {
				"disableBodyPruning": true
			},
			"request": {
				"method": "GET",
				"header": [],
				"body": {
					"mode": "raw",
					"raw": "{\r\n    \"foto\":\"ExemploFoto\",\r\n    \"nomeProduto\":\"Resma Papel A4\",\r\n    \"codigo_barras\":\"4568756\",\r\n    \"descricaoProduto\":\"Resma de papel contando 500 folhas de papel A4, brancas.\"\r\n}"
				},
				"url": {
					"raw": "http://localhost:8080/api/produto/",
					"protocol": "http",
					"host": [
						"localhost"
					],
					"port": "8080",
					"path": [
						"api",
						"produto",
						""
					]
				}
			},
			"response": []
		},
		{
			"name": "ProdutoPost",
			"request": {
				"method": "PUT",
				"header": [],
				"body": {
					"mode": "raw",
					"raw": "{\r\n    \"id\":\"1\",\r\n    \"foto\":\"ExemploFoto1235\",\r\n    \"nomeProduto\":\"Resma Papel A5\",\r\n    \"codigo_barras\":\"4222226\",\r\n    \"descricaoProduto\":\"Resma de papel contando 500 folhas de papel A5, brancas.\"\r\n}",
					"options": {
						"raw": {
							"language": "json"
						}
					}
				},
				"url": {
					"raw": "http://localhost:8080/api/produto/",
					"protocol": "http",
					"host": [
						"localhost"
					],
					"port": "8080",
					"path": [
						"api",
						"produto",
						""
					]
				}
			},
			"response": []
		},
		{
			"name": "ProdutoDelte",
			"request": {
				"method": "DELETE",
				"header": [],
				"body": {
					"mode": "raw",
					"raw": ""
				},
				"url": {
					"raw": "http://localhost:8080/api/produto/1",
					"protocol": "http",
					"host": [
						"localhost"
					],
					"port": "8080",
					"path": [
						"api",
						"produto",
						"1"
					]
				}
			},
			"response": []
		}
	]
}