{
	"info": {
		"_postman_id": "f7e94ca7-ce8c-42dd-9d1d-30a5b3dad384",
		"name": "Usuario StockFlow",
		"schema": "https://schema.getpostman.com/json/collection/v2.1.0/collection.json",
		"_exporter_id": "42479005"
	},
	"item": [
		{
			"name": "PostUsuario",
			"request": {
				"method": "POST",
				"header": [],
				"body": {
					"mode": "raw",
					"raw": "{\r\n  \"nome\": \"Marcos2\",\r\n  \"email\": \"marco22s@email.com\",\r\n  \"permissao\": \"Administrador\",\r\n  \"celular\": \"11999999999\"\r\n}\r\n",
					"options": {
						"raw": {
							"language": "json"
						}
					}
				},
				"url": {
					"raw": "http://localhost:8080/api/usuario/",
					"protocol": "http",
					"host": [
						"localhost"
					],
					"port": "8080",
					"path": [
						"api",
						"usuario",
						""
					]
				}
			},
			"response": []
		},
		{
			"name": "GetUsuario",
			"request": {
				"method": "GET",
				"header": [],
				"url": {
					"raw": "http://localhost:8080/api/usuario/",
					"protocol": "http",
					"host": [
						"localhost"
					],
					"port": "8080",
					"path": [
						"api",
						"usuario",
						""
					]
				}
			},
			"response": []
		},
		{
			"name": "PutUsuario",
			"request": {
				"method": "PUT",
				"header": [],
				"body": {
					"mode": "raw",
					"raw": "{\r\n    \"id\":\"1\",\r\n    \"email\":\"emailteste225@gmail.com\",\r\n    \"nome\":\"Usuarioteste525\",\r\n    \"permissao\":\"Vendedor\",\r\n    \"celular\":\"2345678\"\r\n}",
					"options": {
						"raw": {
							"language": "json"
						}
					}
				},
				"url": {
					"raw": "http://localhost:8080/api/usuario/",
					"protocol": "http",
					"host": [
						"localhost"
					],
					"port": "8080",
					"path": [
						"api",
						"usuario",
						""
					]
				}
			},
			"response": []
		},
		{
			"name": "DeleteUsuario",
			"request": {
				"method": "DELETE",
				"header": [],
				"body": {
					"mode": "raw",
					"raw": "{\r\n    \"id\":\"1\",\r\n    \"email\":\"emailteste225@gmail.com\",\r\n    \"senha\":\"1234568\",\r\n    \"tipo\":\"Admin\",\r\n    \"nome\":\"Usuarioteste525\"\r\n}"
				},
				"url": {
					"raw": "http://localhost:8080/api/usuario/1",
					"protocol": "http",
					"host": [
						"localhost"
					],
					"port": "8080",
					"path": [
						"api",
						"usuario",
						"1"
					]
				}
			},
			"response": []
		}
	]
}