{
	"info": {
		"_postman_id": "5f39451b-c5c2-4f26-8a69-de4af0ff6f9c",
		"name": "Cliente StockFlow",
		"schema": "https://schema.getpostman.com/json/collection/v2.1.0/collection.json",
		"_exporter_id": "42479005"
	},
	"item": [
		{
			"name": "GetClientes",
			"request": {
				"method": "GET",
				"header": [],
				"url": {
					"raw": "http://localhost:8080/api/cliente",
					"protocol": "http",
					"host": [
						"localhost"
					],
					"port": "8080",
					"path": [
						"api",
						"cliente"
					]
				}
			},
			"response": []
		},
		{
			"name": "PostClientes",
			"request": {
				"method": "POST",
				"header": [],
				"body": {
					"mode": "raw",
					"raw": "{\r\n  \"nome\": \"João da Silva\",\r\n  \"tipoCliente\": \"PF\",\r\n  \"cpf\": \"12345678901\",\r\n  \"cnpj\": null,\r\n  \"email\": \"joao@email.com\",\r\n  \"dataNascimento\": \"1990-08-15\",\r\n  \"observacao\": \"Cliente fidelizado desde 2020\"\r\n}\r\n",
					"options": {
						"raw": {
							"language": "json"
						}
					}
				},
				"url": {
					"raw": "http://localhost:8080/api/cliente/",
					"protocol": "http",
					"host": [
						"localhost"
					],
					"port": "8080",
					"path": [
						"api",
						"cliente",
						""
					]
				}
			},
			"response": []
		},
		{
			"name": "PutClientes",
			"request": {
				"method": "PUT",
				"header": [],
				"body": {
					"mode": "raw",
					"raw": "{\r\n    \"id\":1,\r\n  \"nome\": \"José Silva\",\r\n  \"tipoCliente\": \"PF\",\r\n  \"cpf\": \"12345678901\",\r\n  \"cnpj\": null,\r\n  \"email\": \"josesilva@email.com\",\r\n  \"dataNascimento\": \"1990-08-15\",\r\n  \"observacao\": \"Cliente fidelizado desde 2008\"\r\n}\r\n",
					"options": {
						"raw": {
							"language": "json"
						}
					}
				},
				"url": {
					"raw": "http://localhost:8080/api/cliente/",
					"protocol": "http",
					"host": [
						"localhost"
					],
					"port": "8080",
					"path": [
						"api",
						"cliente",
						""
					]
				}
			},
			"response": []
		},
		{
			"name": "DeleteClientes",
			"request": {
				"method": "DELETE",
				"header": [],
				"url": {
					"raw": "http://localhost:8080/api/cliente/1",
					"protocol": "http",
					"host": [
						"localhost"
					],
					"port": "8080",
					"path": [
						"api",
						"cliente",
						"1"
					]
				}
			},
			"response": []
		}
	]
}